Achievement_ID,Achievement Name,Description,Category,Rarity,Points,Criteria,Premium_Required,Secret_Achievement,Related_Exercise_Categories,Badge_File_Name,Icon
ACH_001,First Steps,Log your very first workout,Milestones,Common,10,Complete 1 session,No,No,,badge_milestones_first_steps_common.png,Trophy
ACH_002,Streak Starter,Complete 3 workouts in a row,Consistency,Common,25,3-day streak,No,No,,badge_consistency_streak_starter_common.png,Flame
ACH_003,Week Warrior,Complete 7 workouts in a row,Milestones,Uncommon,50,7-day streak,No,No,,badge_milestones_week_warrior_uncommon.png,Calendar
ACH_004,Dedication,Complete 14 workouts in a row,Milestones,Uncommon,100,14-day streak,No,No,,badge_milestones_dedication_uncommon.png,Medal
ACH_005,Consistency King,Complete 30 workouts in a row,Milestones,Rare,200,30-day streak,No,No,,badge_milestones_consistency_king_rare.png,Crown
ACH_006,Marathon Runner,Complete 60 workouts in a row,Milestones,Epic,500,60-day streak,No,No,,badge_milestones_marathon_runner_epic.png,Star
ACH_007,Legend Status,Complete 100 workouts in a row,Milestones,Epic,1000,100-day streak,No,No,Leg Strength,badge_milestones_legend_status_epic.png,Crown
ACH_008,Speed Demon,Complete a 1-minute workout,Momentum,Common,15,Complete session <= 60 seconds,No,No,,badge_momentum_speed_demon_common.png,Zap
ACH_009,Quick Session,Complete a 5-minute workout,Momentum,Common,25,Complete session <= 300 seconds,No,No,,badge_momentum_quick_session_common.png,Clock
ACH_010,Standard Session,Complete a 10-minute workout,Momentum,Common,50,Complete session <= 600 seconds,No,No,,badge_momentum_standard_session_common.png,Timer
ACH_011,Extended Session,Complete a 15-minute workout,Momentum,Uncommon,75,Complete session <= 900 seconds,No,No,,badge_momentum_extended_session_uncommon.png,Clock
ACH_012,Long Haul,Complete a 20-minute workout,Momentum,Rare,100,Complete session <= 1200 seconds,No,No,,badge_momentum_long_haul_rare.png,Hourglass
ACH_013,Endurance Beast,Complete a 30-minute workout,Momentum,Epic,200,Complete session <= 1800 seconds,No,No,,badge_momentum_endurance_beast_epic.png,Mountain
ACH_014,Iron Will,Complete a 45-minute workout,Momentum,Epic,300,Complete session <= 2700 seconds,No,No,,badge_momentum_iron_will_epic.png,Shield
ACH_015,Ultimate Endurance,Complete a 60-minute workout,Momentum,Epic,500,Complete session <= 3600 seconds,No,No,,badge_momentum_ultimate_endurance_epic.png,Trophy
ACH_016,Regular Routine,Complete 10 total workouts,Milestones,Common,50,Complete 10 sessions,No,No,,badge_milestones_regular_routine_common.png,Target
ACH_017,Committed,Complete 25 total workouts,Milestones,Common,100,Complete 25 sessions,No,No,,badge_milestones_committed_common.png,Star
ACH_018,Dedicated,Complete 50 total workouts,Milestones,Uncommon,200,Complete 50 sessions,No,No,,badge_milestones_dedicated_uncommon.png,Medal
ACH_019,Hardcore,Complete 100 total workouts,Milestones,Uncommon,400,Complete 100 sessions,No,No,Core & Balance,badge_milestones_hardcore_uncommon.png,Fire
ACH_020,Elite,Complete 200 total workouts,Performance,Epic,800,Complete 200 sessions,No,No,,badge_performance_elite_epic.png,Crown
ACH_021,Champion,Complete 500 total workouts,Milestones,Epic,1500,Complete 500 sessions,No,No,,badge_milestones_champion_epic.png,Trophy
ACH_022,Weekend Warrior,Complete workouts on Saturday and Sunday,Milestones,Uncommon,75,Weekend sessions (Sat + Sun),No,No,,badge_milestones_weekend_warrior_uncommon.png,Calendar
ACH_023,Early Bird,Complete 5 morning workouts (before 9 AM),Momentum,Uncommon,100,5 sessions before 9 AM,No,No,,badge_momentum_early_bird_uncommon.png,Sun
ACH_024,Night Owl,Complete 5 evening workouts (after 9 PM),Momentum,Uncommon,100,5 sessions after 9 PM,No,No,,badge_momentum_night_owl_uncommon.png,Moon
ACH_025,Variety Seeker,Try 5 different exercise types,Milestones,Uncommon,150,5 different exercises,No,No,,badge_milestones_variety_seeker_uncommon.png,Shuffle
ACH_026,Perfectionist,Complete 10 workouts without skipping,Milestones,Rare,200,10 sessions without breaks,No,No,,badge_milestones_perfectionist_rare.png,CheckCircle
ACH_027,Comeback Kid,Return after 7-day break,Milestones,Common,50,Session after 7+ day gap,No,No,,badge_milestones_comeback_kid_common.png,RotateCcw
ACH_028,Social Butterfly,Share 5 workout achievements,Social,Common,100,Share 5 achievements,No,No,,badge_social_social_butterfly_common.png,Users
ACH_029,Milestone Master,Reach 5 personal bests in a month,Milestones,Epic,300,5 personal bests in month,No,No,,badge_milestones_milestone_master_epic.png,Target
ACH_030,Monthly Marathoner,Complete 30 sessions in one month,Milestones,Rare,400,30 sessions in calendar month,No,No,,badge_milestones_monthly_marathoner_rare.png,Calendar
ACH_031,Seasonal Warrior,Complete workouts in all 4 seasons,Milestones,Rare,250,Sessions in 4 seasons,No,No,,badge_milestones_seasonal_warrior_rare.png,Leaf
ACH_032,Fitness Streak,Maintain workout streak for 21 days,Consistency,Rare,300,21-day streak,No,No,,badge_consistency_fitness_streak_rare.png,Flame
ACH_033,Personal Best,Achieve new personal record,Milestones,Common,50,Beat previous best performance,No,No,,badge_milestones_personal_best_common.png,Trophy
ACH_034,Consistency Champion,Work out 5 days per week for 4 weeks,Milestones,Rare,400,5 days/week for 4 weeks,No,No,,badge_milestones_consistency_champion_rare.png,Calendar
ACH_035,Monthly Goals,Complete monthly fitness goal,Momentum,Common,150,Complete monthly target,No,No,,badge_momentum_monthly_goals_common.png,Target
ACH_036,Social Connector,Connect with 10 fitness friends,Social,Uncommon,100,10 friend connections,No,No,,badge_social_social_connector_uncommon.png,Users
ACH_037,Challenge Accepted,Complete first community challenge,Milestones,Common,75,Finish community challenge,No,No,,badge_milestones_challenge_accepted_common.png,Flag
ACH_038,Challenge Master,Complete 5 community challenges,Milestones,Rare,300,Complete 5 challenges,No,No,,badge_milestones_challenge_master_rare.png,Crown
ACH_039,Leaderboard Climber,Reach top 10 in any category,Social,Epic,500,Top 10 ranking,No,No,,badge_social_leaderboard_climber_epic.png,TrendingUp
ACH_040,Strength Builder,Increase workout intensity 5 times,Milestones,Uncommon,150,5 intensity increases,No,No,,badge_milestones_strength_builder_uncommon.png,TrendingUp
ACH_041,Endurance Master,Complete 45+ minute session,Milestones,Rare,250,Session >= 45 minutes,No,No,,badge_milestones_endurance_master_rare.png,Mountain
ACH_042,Technique Specialist,Master advanced exercise variation,Performance,Rare,200,Master advanced exercise,No,No,,badge_performance_technique_specialist_rare.png,Award
ACH_043,Goal Crusher,Exceed weekly goal by 150%,Momentum,Uncommon,175,Exceed goal by 150%,No,No,,badge_momentum_goal_crusher_uncommon.png,Target
ACH_044,Habit Former,Work out same time 14 days straight,Milestones,Rare,300,Same time 14 days,No,No,,badge_milestones_habit_former_rare.png,Clock
ACH_045,Recovery Master,Complete rest day activities 7 times,Milestones,Common,100,7 active rest days,No,No,,badge_milestones_recovery_master_common.png,Heart
ACH_046,Time Manager,Complete workout in exactly planned time,Milestones,Rare,150,Hit exact planned duration,No,No,,badge_milestones_time_manager_rare.png,Clock
ACH_047,Innovation Seeker,Try 3 new exercises in one week,Milestones,Uncommon,125,3 new exercises weekly,No,No,,badge_milestones_innovation_seeker_uncommon.png,Lightbulb
ACH_048,Dedication Medal,Work out 6 days per week for 2 weeks,Milestones,Rare,250,6 days/week for 2 weeks,No,No,,badge_milestones_dedication_medal_rare.png,Medal
ACH_049,Progress Tracker,Log progress 30 days in a row,Milestones,Uncommon,150,30 days progress logging,No,No,,badge_milestones_progress_tracker_uncommon.png,TrendingUp
ACH_050,Spring Fitness Champion,Complete spring fitness program,Milestones,Epic,100,Spring program completion,No,No,,badge_milestones_spring_fitness_champion_epic.png,Flower
ACH_051,Summer Endurance Master,Complete summer endurance challenge,Special,Epic,150,Summer challenge completion,No,No,,badge_special_summer_endurance_master_epic.png,Sun
ACH_052,Autumn Strength,Build strength during fall season,Special,Rare,125,Fall strength program,No,No,,badge_special_autumn_strength_rare.png,Leaf
ACH_053,Winter Warrior,Maintain fitness through winter,Milestones,Rare,150,Winter fitness maintenance,No,No,,badge_milestones_winter_warrior_rare.png,Snowflake
ACH_054,New Year Resolution,Complete January fitness goals,Special,Common,75,January goal completion,No,No,,badge_special_new_year_resolution_common.png,Calendar
ACH_055,Summer Solstice,Longest workout on summer solstice,Special,Rare,200,Longest session on solstice,No,No,,badge_special_summer_solstice_rare.png,Sun
ACH_056,Holiday Hustle,Stay active during holiday season,Special,Rare,175,Holiday season consistency,No,No,,badge_special_holiday_hustle_rare.png,Gift
ACH_057,Weekend Warrior Seasonal,Weekend workouts all season long,Milestones,Epic,300,Weekend sessions full season,No,No,,badge_milestones_weekend_warrior_seasonal_epic.png,Calendar
ACH_058,First Discovery,Find your first hidden achievement,Special,Rare,100,Discover hidden achievement,No,Yes,,badge_special_first_discovery_rare.png,Eye
ACH_059,Night Crawler,Work out at 3 AM,Momentum,Epic,200,3 AM workout session,No,No,,badge_momentum_night_crawler_epic.png,Moon
ACH_060,Lucky Sevens,Complete workout on 7/7 at 7:07,Special,Epic,777,Specific date/time workout,No,Yes,,badge_special_lucky_sevens_epic.png,Dice
ACH_061,Midnight Special,Work out exactly at midnight,Momentum,Epic,250,Midnight workout,No,No,,badge_momentum_midnight_special_epic.png,Clock
ACH_062,Leap Day Leaper,Work out on February 29th,Special,Epic,400,Leap day workout,No,No,,badge_special_leap_day_leaper_epic.png,Calendar
ACH_063,Friday 13th Fearless,Work out on Friday the 13th,Special,Rare,130,Friday 13th workout,No,No,,badge_special_friday_13th_fearless_rare.png,Ghost
ACH_064,Solar Eclipse,Work out during solar eclipse,Special,Epic,1000,Eclipse day workout,No,No,,badge_special_solar_eclipse_epic.png,Sun
ACH_065,Binary Beast,Work out for exactly 1:01:01,Special,Epic,300,Specific duration workout,No,No,,badge_special_binary_beast_epic.png,Code
ACH_066,Palindrome Power,Work out on palindrome date,Special,Rare,200,Palindrome date workout,No,No,,badge_special_palindrome_power_rare.png,RotateCcw
ACH_067,Cardio First Steps,Complete your first cardio exercise,Milestones,Common,10,Complete 1 cardio session,No,No,Cardio & Walking,badge_milestones_cardio_first_steps_common.png,Heart
ACH_068,Cardio Streak Master,7 consecutive days of cardio,Consistency,Uncommon,75,7-day cardio streak,No,No,Cardio & Walking,badge_consistency_cardio_streak_master_uncommon.png,Flame
ACH_069,Cardio Marathon Streak,14 consecutive days of cardio,Consistency,Rare,150,14-day cardio streak,No,No,Cardio & Walking,badge_consistency_cardio_marathon_streak_rare.png,Fire
ACH_070,Cardio Legend Streak,30 consecutive days of cardio,Consistency,Rare,300,30-day cardio streak,No,No,Leg Strength,badge_consistency_cardio_legend_streak_rare.png,Crown
ACH_071,Cardio Duration Champion,30 minutes lifetime cardio,Milestones,Common,50,30 min cardio lifetime,No,No,Cardio & Walking,badge_milestones_cardio_duration_champion_common.png,Clock
ACH_072,Cardio Endurance Master,60 minutes lifetime cardio,Milestones,Uncommon,100,60 min cardio lifetime,No,No,Cardio & Walking,badge_milestones_cardio_endurance_master_uncommon.png,Timer
ACH_073,Cardio Beast,120 minutes lifetime cardio,Milestones,Rare,200,120 min cardio lifetime,No,No,Cardio & Walking,badge_milestones_cardio_beast_rare.png,Mountain
ACH_074,Cardio Session Specialist,10 cardio sessions completed,Milestones,Common,40,10 cardio sessions,No,No,Cardio & Walking,badge_milestones_cardio_session_specialist_common.png,Target
ACH_075,Cardio Regular,25 cardio sessions completed,Milestones,Uncommon,100,25 cardio sessions,No,No,Cardio & Walking,badge_milestones_cardio_regular_uncommon.png,Star
ACH_076,Cardio Champion,50 cardio sessions completed,Milestones,Rare,200,50 cardio sessions,No,No,Cardio & Walking,badge_milestones_cardio_champion_rare.png,Trophy
ACH_077,Cardio Consistency King,Cardio 5 days/week for 4 weeks,Milestones,Rare,250,5 days/week cardio for 4 weeks,No,No,Cardio & Walking,badge_milestones_cardio_consistency_king_rare.png,Calendar
ACH_078,Cardio Endurance Elite,Single 10+ minute cardio session,Performance,Uncommon,75,10+ min cardio session,No,No,Cardio & Walking,badge_performance_cardio_endurance_elite_uncommon.png,Hourglass
ACH_079,Cardio Weekly Warrior,3+ cardio sessions/week for 8 weeks,Milestones,Rare,300,3+ cardio/week for 8 weeks,No,No,Cardio & Walking,badge_milestones_cardio_weekly_warrior_rare.png,Medal
ACH_080,Cardio Category Mastery,Achieve mastery level 5 in cardio,Performance,Epic,500,Cardio mastery level 5,Yes,No,Cardio & Walking,badge_performance_cardio_category_mastery_epic.png,Award
ACH_081,Leg Lift First Steps,Complete your first leg lift exercise,Milestones,Common,10,Complete 1 leg_lift session,No,No,Leg Strength,badge_milestones_leg_lift_first_steps_common.png,Dumbbell
ACH_082,Leg Lift Streak Master,7 consecutive days of leg lifts,Consistency,Uncommon,75,7-day leg_lift streak,No,No,Leg Strength,badge_consistency_leg_lift_streak_master_uncommon.png,Flame
ACH_083,Leg Lift Marathon Streak,14 consecutive days of leg lifts,Consistency,Rare,150,14-day leg_lift streak,No,No,Leg Strength,badge_consistency_leg_lift_marathon_streak_rare.png,Fire
ACH_084,Leg Lift Legend Streak,30 consecutive days of leg lifts,Consistency,Rare,300,30-day leg_lift streak,No,No,Leg Strength,badge_consistency_leg_lift_legend_streak_rare.png,Crown
ACH_085,Leg Lift Duration Champion,30 minutes lifetime leg lifts,Milestones,Common,50,30 min leg_lift lifetime,No,No,Leg Strength,badge_milestones_leg_lift_duration_champion_common.png,Clock
ACH_086,Leg Lift Endurance Master,60 minutes lifetime leg lifts,Milestones,Uncommon,100,60 min leg_lift lifetime,No,No,Leg Strength,badge_milestones_leg_lift_endurance_master_uncommon.png,Timer
ACH_087,Leg Lift Beast,120 minutes lifetime leg lifts,Milestones,Rare,200,120 min leg_lift lifetime,No,No,Leg Strength,badge_milestones_leg_lift_beast_rare.png,Mountain
ACH_088,Leg Lift Session Specialist,10 leg lift sessions completed,Milestones,Common,40,10 leg_lift sessions,No,No,Leg Strength,badge_milestones_leg_lift_session_specialist_common.png,Target
ACH_089,Leg Lift Regular,25 leg lift sessions completed,Milestones,Uncommon,100,25 leg_lift sessions,No,No,Leg Strength,badge_milestones_leg_lift_regular_uncommon.png,Star
ACH_090,Leg Lift Champion,50 leg lift sessions completed,Milestones,Rare,200,50 leg_lift sessions,No,No,Leg Strength,badge_milestones_leg_lift_champion_rare.png,Trophy
ACH_091,Leg Lift Consistency King,Leg lifts 5 days/week for 4 weeks,Milestones,Rare,250,5 days/week leg_lift for 4 weeks,No,No,Leg Strength,badge_milestones_leg_lift_consistency_king_rare.png,Calendar
ACH_092,Leg Lift Endurance Elite,Single 10+ minute leg lift session,Performance,Uncommon,75,10+ min leg_lift session,No,No,Leg Strength,badge_performance_leg_lift_endurance_elite_uncommon.png,Hourglass
ACH_093,Leg Lift Weekly Warrior,3+ leg lift sessions/week for 8 weeks,Milestones,Rare,300,3+ leg_lift/week for 8 weeks,No,No,Leg Strength,badge_milestones_leg_lift_weekly_warrior_rare.png,Medal
ACH_094,Leg Lift Category Mastery,Achieve mastery level 5 in leg lifts,Performance,Epic,500,Leg_lift mastery level 5,Yes,No,Leg Strength,badge_performance_leg_lift_category_mastery_epic.png,Award
ACH_095,Plank First Steps,Complete your first planking exercise,Milestones,Common,10,Complete 1 planking session,No,No,Core & Balance,badge_milestones_plank_first_steps_common.png,Shield
ACH_096,Plank Streak Master,7 consecutive days of planking,Consistency,Uncommon,75,7-day planking streak,No,No,Core & Balance,badge_consistency_plank_streak_master_uncommon.png,Flame
ACH_097,Plank Marathon Streak,14 consecutive days of planking,Consistency,Rare,150,14-day planking streak,No,No,Core & Balance,badge_consistency_plank_marathon_streak_rare.png,Fire
ACH_098,Plank Legend Streak,30 consecutive days of planking,Consistency,Rare,300,30-day planking streak,No,No,Core & Balance,badge_consistency_plank_legend_streak_rare.png,Crown
ACH_099,Plank Duration Champion,30 minutes lifetime planking,Milestones,Common,50,30 min planking lifetime,No,No,Core & Balance,badge_milestones_plank_duration_champion_common.png,Clock
ACH_100,Plank Endurance Master,60 minutes lifetime planking,Milestones,Uncommon,100,60 min planking lifetime,No,No,Core & Balance,badge_milestones_plank_endurance_master_uncommon.png,Timer
ACH_101,Plank Beast,120 minutes lifetime planking,Milestones,Rare,200,120 min planking lifetime,No,No,Core & Balance,badge_milestones_plank_beast_rare.png,Mountain
ACH_102,Plank Session Specialist,10 planking sessions completed,Milestones,Common,40,10 planking sessions,No,No,Core & Balance,badge_milestones_plank_session_specialist_common.png,Target
ACH_103,Plank Regular,25 planking sessions completed,Milestones,Uncommon,100,25 planking sessions,No,No,Core & Balance,badge_milestones_plank_regular_uncommon.png,Star
ACH_104,Plank Champion,50 planking sessions completed,Milestones,Rare,200,50 planking sessions,No,No,Core & Balance,badge_milestones_plank_champion_rare.png,Trophy
ACH_105,Plank Consistency King,Planking 5 days/week for 4 weeks,Milestones,Rare,250,5 days/week planking for 4 weeks,No,No,Core & Balance,badge_milestones_plank_consistency_king_rare.png,Calendar
ACH_106,Plank Endurance Elite,Single 10+ minute planking session,Performance,Uncommon,75,10+ min planking session,No,No,Core & Balance,badge_performance_plank_endurance_elite_uncommon.png,Hourglass
ACH_107,Plank Weekly Warrior,3+ planking sessions/week for 8 weeks,Milestones,Rare,300,3+ planking/week for 8 weeks,No,No,Core & Balance,badge_milestones_plank_weekly_warrior_rare.png,Medal
ACH_108,Plank Category Mastery,Achieve mastery level 5 in planking,Performance,Epic,500,Planking mastery level 5,Yes,No,Core & Balance,badge_performance_plank_category_mastery_epic.png,Award
ACH_109,Seated First Steps,Complete your first seated exercise,Milestones,Common,10,Complete 1 seated_exercise session,No,No,Seated,badge_milestones_seated_first_steps_common.png,ArmChair
ACH_110,Seated Streak Master,7 consecutive days of seated exercises,Consistency,Uncommon,75,7-day seated_exercise streak,No,No,Seated,badge_consistency_seated_streak_master_uncommon.png,Flame
ACH_111,Seated Marathon Streak,14 consecutive days of seated exercises,Consistency,Rare,150,14-day seated_exercise streak,No,No,Seated,badge_consistency_seated_marathon_streak_rare.png,Fire
ACH_112,Seated Legend Streak,30 consecutive days of seated exercises,Consistency,Rare,300,30-day seated_exercise streak,No,No,Seated,badge_consistency_seated_legend_streak_rare.png,Crown
ACH_113,Seated Duration Champion,30 minutes lifetime seated exercises,Milestones,Common,50,30 min seated_exercise lifetime,No,No,Seated,badge_milestones_seated_duration_champion_common.png,Clock
ACH_114,Seated Endurance Master,60 minutes lifetime seated exercises,Milestones,Uncommon,100,60 min seated_exercise lifetime,No,No,Seated,badge_milestones_seated_endurance_master_uncommon.png,Timer
ACH_115,Seated Beast,120 minutes lifetime seated exercises,Milestones,Rare,200,120 min seated_exercise lifetime,No,No,Seated,badge_milestones_seated_beast_rare.png,Mountain
ACH_116,Seated Session Specialist,10 seated exercise sessions completed,Milestones,Common,40,10 seated_exercise sessions,No,No,Seated,badge_milestones_seated_session_specialist_common.png,Target
ACH_117,Seated Regular,25 seated exercise sessions completed,Milestones,Uncommon,100,25 seated_exercise sessions,No,No,Seated,badge_milestones_seated_regular_uncommon.png,Star
ACH_118,Seated Champion,50 seated exercise sessions completed,Milestones,Rare,200,50 seated_exercise sessions,No,No,Seated,badge_milestones_seated_champion_rare.png,Trophy
ACH_119,Seated Consistency King,Seated exercises 5 days/week for 4 weeks,Milestones,Rare,250,5 days/week seated_exercise for 4 weeks,No,No,Seated,badge_milestones_seated_consistency_king_rare.png,Calendar
ACH_120,Seated Endurance Elite,Single 10+ minute seated exercise session,Performance,Uncommon,75,10+ min seated_exercise session,No,No,Seated,badge_performance_seated_endurance_elite_uncommon.png,Hourglass
ACH_121,Seated Weekly Warrior,3+ seated exercise sessions/week for 8 weeks,Milestones,Rare,300,3+ seated_exercise/week for 8 weeks,No,No,Seated,badge_milestones_seated_weekly_warrior_rare.png,Medal
ACH_122,Seated Category Mastery,Achieve mastery level 5 in seated exercises,Performance,Epic,500,Seated_exercise mastery level 5,Yes,No,Seated,badge_performance_seated_category_mastery_epic.png,Award
ACH_123,Standing First Steps,Complete your first standing movement,Milestones,Common,10,Complete 1 standing_movement session,No,No,Standing,badge_milestones_standing_first_steps_common.png,User
ACH_124,Standing Streak Master,7 consecutive days of standing movement,Consistency,Uncommon,75,7-day standing_movement streak,No,No,Standing,badge_consistency_standing_streak_master_uncommon.png,Flame
ACH_125,Standing Marathon Streak,14 consecutive days of standing movement,Consistency,Rare,150,14-day standing_movement streak,No,No,Standing,badge_consistency_standing_marathon_streak_rare.png,Fire
ACH_126,Standing Legend Streak,30 consecutive days of standing movement,Consistency,Rare,300,30-day standing_movement streak,No,No,Standing,badge_consistency_standing_legend_streak_rare.png,Crown
ACH_127,Standing Duration Champion,30 minutes lifetime standing movement,Milestones,Common,50,30 min standing_movement lifetime,No,No,Standing,badge_milestones_standing_duration_champion_common.png,Clock
ACH_128,Standing Endurance Master,60 minutes lifetime standing movement,Milestones,Uncommon,100,60 min standing_movement lifetime,No,No,Standing,badge_milestones_standing_endurance_master_uncommon.png,Timer
ACH_129,Standing Beast,120 minutes lifetime standing movement,Milestones,Rare,200,120 min standing_movement lifetime,No,No,Standing,badge_milestones_standing_beast_rare.png,Mountain
ACH_130,Standing Session Specialist,10 standing movement sessions completed,Milestones,Common,40,10 standing_movement sessions,No,No,Standing,badge_milestones_standing_session_specialist_common.png,Target
ACH_131,Standing Regular,25 standing movement sessions completed,Milestones,Uncommon,100,25 standing_movement sessions,No,No,Standing,badge_milestones_standing_regular_uncommon.png,Star
ACH_132,Standing Champion,50 standing movement sessions completed,Milestones,Rare,200,50 standing_movement sessions,No,No,Standing,badge_milestones_standing_champion_rare.png,Trophy
ACH_133,Standing Consistency King,Standing movement 5 days/week for 4 weeks,Milestones,Rare,250,5 days/week standing_movement for 4 weeks,No,No,Standing,badge_milestones_standing_consistency_king_rare.png,Calendar
ACH_134,Standing Endurance Elite,Single 10+ minute standing movement session,Performance,Uncommon,75,10+ min standing_movement session,No,No,Standing,badge_performance_standing_endurance_elite_uncommon.png,Hourglass
ACH_135,Standing Weekly Warrior,3+ standing movement sessions/week for 8 weeks,Milestones,Rare,300,3+ standing_movement/week for 8 weeks,No,No,Standing,badge_milestones_standing_weekly_warrior_rare.png,Medal
ACH_136,Standing Category Mastery,Achieve mastery level 5 in standing movement,Performance,Epic,500,Standing_movement mastery level 5,Yes,No,Standing,badge_performance_standing_category_mastery_epic.png,Award
ACH_137,Strength First Steps,Complete your first strength exercise,Milestones,Common,10,Complete 1 strength session,No,No,,badge_milestones_strength_first_steps_common.png,Dumbbell
ACH_138,Strength Streak Master,7 consecutive days of strength training,Consistency,Uncommon,75,7-day strength streak,No,No,,badge_consistency_strength_streak_master_uncommon.png,Flame
ACH_139,Strength Marathon Streak,14 consecutive days of strength training,Consistency,Rare,150,14-day strength streak,No,No,,badge_consistency_strength_marathon_streak_rare.png,Fire
ACH_140,Strength Legend Streak,30 consecutive days of strength training,Consistency,Rare,300,30-day strength streak,No,No,Leg Strength,badge_consistency_strength_legend_streak_rare.png,Crown
ACH_141,Strength Duration Champion,30 minutes lifetime strength training,Milestones,Common,50,30 min strength lifetime,No,No,,badge_milestones_strength_duration_champion_common.png,Clock
ACH_142,Strength Endurance Master,60 minutes lifetime strength training,Milestones,Uncommon,100,60 min strength lifetime,No,No,,badge_milestones_strength_endurance_master_uncommon.png,Timer
ACH_143,Strength Beast,120 minutes lifetime strength training,Milestones,Rare,200,120 min strength lifetime,No,No,,badge_milestones_strength_beast_rare.png,Mountain
ACH_144,Strength Session Specialist,10 strength training sessions completed,Milestones,Common,40,10 strength sessions,No,No,,badge_milestones_strength_session_specialist_common.png,Target
ACH_145,Strength Regular,25 strength training sessions completed,Milestones,Uncommon,100,25 strength sessions,No,No,,badge_milestones_strength_regular_uncommon.png,Star
ACH_146,Strength Champion,50 strength training sessions completed,Milestones,Rare,200,50 strength sessions,No,No,,badge_milestones_strength_champion_rare.png,Trophy
ACH_147,Strength Consistency King,Strength training 5 days/week for 4 weeks,Milestones,Rare,250,5 days/week strength for 4 weeks,No,No,,badge_milestones_strength_consistency_king_rare.png,Calendar
ACH_148,Strength Endurance Elite,Single 10+ minute strength training session,Performance,Uncommon,75,10+ min strength session,No,No,,badge_performance_strength_endurance_elite_uncommon.png,Hourglass
ACH_149,Strength Weekly Warrior,3+ strength training sessions/week for 8 weeks,Milestones,Rare,300,3+ strength/week for 8 weeks,No,No,,badge_milestones_strength_weekly_warrior_rare.png,Medal
ACH_150,Strength Category Mastery,Achieve mastery level 5 in strength training,Performance,Epic,500,Strength mastery level 5,Yes,No,,badge_performance_strength_category_mastery_epic.png,Award
ACH_151,Fitness Explorer,Try exercises from 2 different categories,Milestones,Common,50,2 different categories,No,No,,badge_milestones_fitness_explorer_common.png,Compass
ACH_152,Well-Rounded Beginner,Complete 5+ sessions in 3 categories,Milestones,Uncommon,100,5+ sessions in 3 categories,No,No,,badge_milestones_wellrounded_beginner_uncommon.png,Target
ACH_153,Versatile Athlete,Complete 10+ sessions in 4 categories,Milestones,Rare,200,10+ sessions in 4 categories,No,No,,badge_milestones_versatile_athlete_rare.png,Star
ACH_154,Fitness Master,Complete 15+ sessions in 5 categories,Milestones,Epic,400,15+ sessions in 5 categories,No,No,,badge_milestones_fitness_master_epic.png,Crown
ACH_155,Complete Athlete,Complete 20+ sessions in all 6 categories,Milestones,Epic,800,20+ sessions in 6 categories,No,No,,badge_milestones_complete_athlete_epic.png,Trophy
ACH_156,Balanced Beginner,Equal sessions (5+) in 2 categories,Milestones,Uncommon,75,5+ equal sessions in 2 categories,No,No,,badge_milestones_balanced_beginner_uncommon.png,Scale
ACH_157,Harmony Seeker,Equal sessions (10+) in 3 categories,Milestones,Rare,150,10+ equal sessions in 3 categories,No,No,,badge_milestones_harmony_seeker_rare.png,Yin-Yang
ACH_158,Perfect Balance,Equal sessions (15+) in 4+ categories,Milestones,Epic,300,15+ equal sessions in 4+ categories,No,No,,badge_milestones_perfect_balance_epic.png,Balance
ACH_159,Daily Duo,Complete 2 different categories in same day,Milestones,Uncommon,100,2 categories same day,No,No,,badge_milestones_daily_duo_uncommon.png,Calendar
ACH_160,Triple Threat,Complete 3 categories in same day,Milestones,Rare,200,3 categories same day,No,No,,badge_milestones_triple_threat_rare.png,Triangle
ACH_161,Quad Squad,Complete 4 categories in same day,Milestones,Epic,400,4 categories same day,No,No,,badge_milestones_quad_squad_epic.png,Square
ACH_162,Fantastic Five,Complete 5 categories in same day,Milestones,Epic,600,5 categories same day,No,No,,badge_milestones_fantastic_five_epic.png,Pentagon
ACH_163,Perfect Six,Complete all 6 categories in same day,Milestones,Epic,1000,6 categories same day,No,No,,badge_milestones_perfect_six_epic.png,Hexagon
ACH_164,Weekly Variety,Complete 3+ categories in same week (4 times),Milestones,Rare,250,3+ categories weekly (4x),No,No,,badge_milestones_weekly_variety_rare.png,Calendar
ACH_165,Diversified Training,Complete 4+ categories in same week (4 times),Milestones,Epic,400,4+ categories weekly (4x),No,No,,badge_milestones_diversified_training_epic.png,Schedule
ACH_166,Complete Weekly,Complete all 6 categories in same week,Milestones,Epic,500,6 categories same week,No,No,,badge_milestones_complete_weekly_epic.png,Trophy
ACH_167,Cardio + Strength Combo,60 min cardio + 60 min strength lifetime,Milestones,Rare,300,60 min each: cardio + strength,No,No,Cardio & Walking,badge_milestones_cardio__strength_combo_rare.png,Dumbbell
ACH_168,Core + Mobility Master,30 min planking + 30 min seated exercise lifetime,Milestones,Uncommon,200,30 min each: planking + seated,No,No,Core & Balance,badge_milestones_core__mobility_master_uncommon.png,Yin-Yang
ACH_169,Standing Strong,45 min standing movement + 45 min leg lift lifetime,Milestones,Rare,250,45 min each: standing + leg_lift,No,No,Standing,badge_milestones_standing_strong_rare.png,User
ACH_170,Endurance Powerhouse,120 min cardio + 90 min strength lifetime,Milestones,Epic,500,120 min cardio + 90 min strength,No,No,,badge_milestones_endurance_powerhouse_epic.png,Lightning
ACH_171,Complete Fitness,60+ minutes lifetime in each category,Milestones,Epic,1000,60+ min in all 6 categories,No,No,,badge_milestones_complete_fitness_epic.png,Award
ACH_172,Multi-Category Streak,7-day streak with 2+ categories daily,Consistency,Rare,400,"7-day streak, 2+ daily categories",No,No,,badge_consistency_multicategory_streak_rare.png,Flame
ACH_173,Diverse Dedication,14-day streak with 3+ categories weekly,Milestones,Epic,600,"14-day streak, 3+ weekly categories",No,No,,badge_milestones_diverse_dedication_epic.png,Fire
ACH_174,Variety Virtuoso,30-day streak maintaining all 6 categories monthly,Milestones,Epic,1200,"30-day streak, all 6 monthly",No,No,,badge_milestones_variety_virtuoso_epic.png,Crown
ACH_175,Strength + Cardio Beast,20+ min cardio + 15+ min strength same session,Milestones,Rare,350,"Same session: 20+ cardio, 15+ strength",No,No,Cardio & Walking,badge_milestones_strength__cardio_beast_rare.png,Lightning
ACH_176,Flexibility Powerhouse,Complete seated + standing + planking same session (3+ times),Milestones,Rare,300,3x same session: seated+standing+planking,No,No,,badge_milestones_flexibility_powerhouse_rare.png,Yin-Yang
ACH_177,Complete Circuit,Complete exercise from each category in single session,Milestones,Epic,750,All 6 categories single session,No,No,,badge_milestones_complete_circuit_epic.png,Circle
ACH_178,Category Champion,Achieve mastery level 3+ in 3 different categories,Milestones,Epic,600,Mastery 3+ in 3 categories,No,No,,badge_milestones_category_champion_epic.png,Medal
ACH_179,Elite Athlete,Achieve mastery level 4+ in 4 different categories,Performance,Epic,1000,Mastery 4+ in 4 categories,Yes,No,,badge_performance_elite_athlete_epic.png,Trophy
ACH_180,Fitness Legend,Achieve mastery level 5 in all 6 categories,Milestones,Epic,2000,Mastery 5 in all 6 categories,Yes,No,Leg Strength,badge_milestones_fitness_legend_epic.png,Crown
ACH_181,Multi-Category Consistency,4-week streaks in 3+ categories simultaneously,Milestones,Epic,800,4-week streaks in 3+ categories,No,No,,badge_milestones_multicategory_consistency_epic.png,Calendar
ACH_182,Diverse Dedication Master,Complete 100+ total sessions across all 6 categories,Milestones,Epic,500,100+ sessions across 6 categories,No,No,,badge_milestones_diverse_dedication_master_epic.png,Target
ACH_183,Lifetime Achiever,500+ minutes lifetime across all categories combined,Milestones,Epic,1500,500+ total minutes all categories,No,No,,badge_milestones_lifetime_achiever_epic.png,Hourglass
ACH_184,Momentum Starter,Earn 150 Momentum Points in a week,Momentum,Common,20,Weekly Momentum Score >= 150,No,No,,badge_momentum_momentum_starter_common.png,TrendingUp
ACH_185,Building Momentum,Earn 250 Momentum Points in a week,Momentum,Uncommon,30,Weekly Momentum Score >= 250,No,No,,badge_momentum_building_momentum_uncommon.png,Zap
ACH_186,Unstoppable Force,Earn 350 Momentum Points in a week,Momentum,Rare,50,Weekly Momentum Score >= 350,No,No,,badge_momentum_unstoppable_force_rare.png,Lightning
ACH_187,Goal Getter,Hit your weekly Momentum Goal for the first time,Momentum,Uncommon,30,Weekly Momentum Score >= User's Adaptive Goal (first time),No,No,,badge_momentum_goal_getter_uncommon.png,Target
ACH_188,Goal Streak,Hit your weekly Momentum Goal 4 weeks in a row,Momentum,Rare,60,Weekly Momentum Score >= User's Adaptive Goal for 4 consecutive weeks,No,No,,badge_momentum_goal_streak_rare.png,Flame
ACH_189,Overachiever,Exceed your weekly Momentum Goal by 50%,Momentum,Uncommon,40,Weekly Momentum Score >= (User's Adaptive Goal * 1.5),No,No,,badge_momentum_overachiever_uncommon.png,Star
ACH_190,First Cheer,Send your first Cheer,Social,Common,10,Send 1 Cheer,No,No,,badge_social_first_cheer_common.png,Heart
ACH_191,Cheerleader,Send 25 Cheers,Social,Uncommon,30,Send 25 Cheers (cumulative),No,No,,badge_social_cheerleader_uncommon.png,Heart
ACH_192,Super Supporter,Send 100 Cheers,Social,Rare,60,Send 100 Cheers (cumulative),No,No,,badge_social_super_supporter_rare.png,Heart
ACH_193,Community Builder,Receive Cheers from 10 different friends,Social,Uncommon,40,Receive Cheers from 10 unique users,No,No,,badge_social_community_builder_uncommon.png,Users
ACH_194,Inspirational,Receive 50 Cheers,Social,Uncommon,50,Receive 50 Cheers (cumulative),No,No,,badge_social_inspirational_uncommon.png,Award
ACH_195,Squad Builder,Connect with 5 friends,Social,Common,20,Have 5 friends in the app,No,No,,badge_social_squad_builder_common.png,Users
ACH_196,Connector,Connect with 15 friends,Social,Uncommon,40,Have 15 friends in the app,No,No,,badge_social_connector_uncommon.png,Users
ACH_197,Moving Up,Complete your first Level 2 workout,Performance,Common,20,Complete 1 workout with Difficulty Level = 2,No,No,,badge_performance_moving_up_common.png,TrendingUp
ACH_198,Advanced Athlete,Complete your first Level 3 workout,Performance,Uncommon,30,Complete 1 workout with Difficulty Level = 3,No,No,,badge_performance_advanced_athlete_uncommon.png,Award
ACH_199,Expert Contender,Complete your first Level 4 workout,Performance,Rare,50,Complete 1 workout with Difficulty Level = 4,Yes,No,,badge_performance_expert_contender_rare.png,Trophy
ACH_200,Master of the Craft,Complete your first Level 5 workout,Performance,Epic,100,Complete 1 workout with Difficulty Level = 5,Yes,No,,badge_performance_master_of_the_craft_epic.png,Crown
ACH_201,Category Explorer,Try one workout from each of the 6 categories,Performance,Uncommon,40,"Complete 1 workout in each of: Core & Balance, Leg Strength, Seated, Standing, Cardio & Walking, Wall Sits",No,No,,badge_performance_category_explorer_uncommon.png,Compass
ACH_202,Category Master,Complete a Level 4 or 5 workout in every category,Performance,Epic,150,Complete 1 workout (Level 4 or 5) in each of the 6 categories,Yes,No,,badge_performance_category_master_epic.png,Crown
ACH_203,Core Apprentice,Complete 10 Core & Balance workouts,Milestones,Common,20,Complete 10 workouts in Core & Balance category,No,No,Core & Balance,badge_milestones_core_apprentice_common.png,Target
ACH_204,Core Adept,Complete 50 Core & Balance workouts,Milestones,Uncommon,50,Complete 50 workouts in Core & Balance category,No,No,Core & Balance,badge_milestones_core_adept_uncommon.png,Star
ACH_205,Leg Day Starter,Complete 10 Leg Strength workouts,Milestones,Common,20,Complete 10 workouts in Leg Strength category,No,No,Leg Strength,badge_milestones_leg_day_starter_common.png,Target
ACH_206,Leg Day Legend,Complete 50 Leg Strength workouts,Milestones,Uncommon,50,Complete 50 workouts in Leg Strength category,No,No,Leg Strength,badge_milestones_leg_day_legend_uncommon.png,Star
ACH_207,Seated Starter,Complete 10 Seated workouts,Milestones,Common,20,Complete 10 workouts in Seated category,No,No,Seated,badge_milestones_seated_starter_common.png,Target
ACH_208,Seated Specialist,Complete 50 Seated workouts,Milestones,Uncommon,50,Complete 50 workouts in Seated category,No,No,Seated,badge_milestones_seated_specialist_uncommon.png,Star
ACH_209,Standing Strong,Complete 10 Standing workouts,Milestones,Common,20,Complete 10 workouts in Standing category,No,No,Standing,badge_milestones_standing_strong_common.png,Target
ACH_210,Standing Stalwart,Complete 50 Standing workouts,Milestones,Uncommon,50,Complete 50 workouts in Standing category,No,No,Standing,badge_milestones_standing_stalwart_uncommon.png,Star
ACH_211,Cardio Starter,Complete 10 Cardio & Walking workouts,Milestones,Common,20,Complete 10 workouts in Cardio & Walking category,No,No,Cardio & Walking,badge_milestones_cardio_starter_common.png,Target
ACH_212,Cardio King/Queen,Complete 100 Cardio & Walking workouts,Milestones,Rare,100,Complete 100 workouts in Cardio & Walking category,No,No,Cardio & Walking,badge_milestones_cardio_king_queen_rare.png,Crown
ACH_213,Wall Sit Beginner,Complete 10 Wall Sits workouts,Milestones,Common,20,Complete 10 workouts in Wall Sits category,No,No,Wall Sits,badge_milestones_wall_sit_beginner_common.png,Target
ACH_214,Wall Sit Warrior,Complete 50 Wall Sits workouts,Milestones,Uncommon,50,Complete 50 workouts in Wall Sits category,No,No,Wall Sits,badge_milestones_wall_sit_warrior_uncommon.png,Star
ACH_215,Cardio Streak Starter,Complete 3 consecutive days of Cardio & Walking workouts,Consistency,Common,15,3-day streak in Cardio & Walking category,No,No,Cardio & Walking,badge_consistency_cardio_streak_starter_common.png,Flame
ACH_216,Cardio Week Warrior,Complete 7 consecutive days of Cardio & Walking workouts,Consistency,Common,30,7-day streak in Cardio & Walking category,No,No,Cardio & Walking,badge_consistency_cardio_week_warrior_common.png,Flame
ACH_217,Cardio Dedication,Complete 14 consecutive days of Cardio & Walking workouts,Consistency,Uncommon,60,14-day streak in Cardio & Walking category,No,No,Cardio & Walking,badge_consistency_cardio_dedication_uncommon.png,Flame
ACH_218,Cardio Legend Streak,Complete 30 consecutive days of Cardio & Walking workouts,Consistency,Rare,120,30-day streak in Cardio & Walking category,No,No,Leg Strength,badge_consistency_cardio_legend_streak_rare.png,Flame
ACH_219,Cardio Marathon,Complete 60 consecutive days of Cardio & Walking workouts,Consistency,Rare,200,60-day streak in Cardio & Walking category,No,No,Cardio & Walking,badge_consistency_cardio_marathon_rare.png,Flame
ACH_220,Cardio Century,Complete 100 consecutive days of Cardio & Walking workouts,Consistency,Epic,350,100-day streak in Cardio & Walking category,No,No,Cardio & Walking,badge_consistency_cardio_century_epic.png,Flame
ACH_221,Cardio Year Champion,Complete 365 consecutive days of Cardio & Walking workouts,Consistency,Epic,1000,365-day streak in Cardio & Walking category,No,No,Cardio & Walking,badge_consistency_cardio_year_champion_epic.png,Flame
ACH_222,Leg Streak Starter,Complete 3 consecutive days of Leg Strength workouts,Consistency,Common,15,3-day streak in Leg Strength category,No,No,Leg Strength,badge_consistency_leg_streak_starter_common.png,Flame
ACH_223,Leg Week Warrior,Complete 7 consecutive days of Leg Strength workouts,Consistency,Common,30,7-day streak in Leg Strength category,No,No,Leg Strength,badge_consistency_leg_week_warrior_common.png,Flame
ACH_224,Leg Dedication,Complete 14 consecutive days of Leg Strength workouts,Consistency,Uncommon,60,14-day streak in Leg Strength category,No,No,Leg Strength,badge_consistency_leg_dedication_uncommon.png,Flame
ACH_225,Leg Legend Streak,Complete 30 consecutive days of Leg Strength workouts,Consistency,Rare,120,30-day streak in Leg Strength category,No,No,Leg Strength,badge_consistency_leg_legend_streak_rare.png,Flame
ACH_226,Leg Marathon,Complete 60 consecutive days of Leg Strength workouts,Consistency,Rare,200,60-day streak in Leg Strength category,No,No,Leg Strength,badge_consistency_leg_marathon_rare.png,Flame
ACH_227,Leg Century,Complete 100 consecutive days of Leg Strength workouts,Consistency,Epic,350,100-day streak in Leg Strength category,No,No,Leg Strength,badge_consistency_leg_century_epic.png,Flame
ACH_228,Leg Year Champion,Complete 365 consecutive days of Leg Strength workouts,Consistency,Epic,1000,365-day streak in Leg Strength category,No,No,Leg Strength,badge_consistency_leg_year_champion_epic.png,Flame
ACH_229,Core Streak Starter,Complete 3 consecutive days of Core & Balance workouts,Consistency,Common,15,3-day streak in Core & Balance category,No,No,Core & Balance,badge_consistency_core_streak_starter_common.png,Flame
ACH_230,Core Week Warrior,Complete 7 consecutive days of Core & Balance workouts,Consistency,Common,30,7-day streak in Core & Balance category,No,No,Core & Balance,badge_consistency_core_week_warrior_common.png,Flame
ACH_231,Core Dedication,Complete 14 consecutive days of Core & Balance workouts,Consistency,Uncommon,60,14-day streak in Core & Balance category,No,No,Core & Balance,badge_consistency_core_dedication_uncommon.png,Flame
ACH_232,Core Legend Streak,Complete 30 consecutive days of Core & Balance workouts,Consistency,Rare,120,30-day streak in Core & Balance category,No,No,Core & Balance,badge_consistency_core_legend_streak_rare.png,Flame
ACH_233,Core Marathon,Complete 60 consecutive days of Core & Balance workouts,Consistency,Rare,200,60-day streak in Core & Balance category,No,No,Core & Balance,badge_consistency_core_marathon_rare.png,Flame
ACH_234,Core Century,Complete 100 consecutive days of Core & Balance workouts,Consistency,Epic,350,100-day streak in Core & Balance category,No,No,Core & Balance,badge_consistency_core_century_epic.png,Flame
ACH_235,Core Year Champion,Complete 365 consecutive days of Core & Balance workouts,Consistency,Epic,1000,365-day streak in Core & Balance category,No,No,Core & Balance,badge_consistency_core_year_champion_epic.png,Flame
ACH_236,Seated Streak Starter,Complete 3 consecutive days of Seated Exercise workouts,Consistency,Common,15,3-day streak in Seated Exercise category,No,No,Seated,badge_consistency_seated_streak_starter_common.png,Flame
ACH_237,Seated Week Warrior,Complete 7 consecutive days of Seated Exercise workouts,Consistency,Common,30,7-day streak in Seated Exercise category,No,No,Seated,badge_consistency_seated_week_warrior_common.png,Flame
ACH_238,Seated Dedication,Complete 14 consecutive days of Seated Exercise workouts,Consistency,Uncommon,60,14-day streak in Seated Exercise category,No,No,Seated,badge_consistency_seated_dedication_uncommon.png,Flame
ACH_239,Seated Legend Streak,Complete 30 consecutive days of Seated Exercise workouts,Consistency,Rare,120,30-day streak in Seated Exercise category,No,No,Seated,badge_consistency_seated_legend_streak_rare.png,Flame
ACH_240,Seated Marathon,Complete 60 consecutive days of Seated Exercise workouts,Consistency,Rare,200,60-day streak in Seated Exercise category,No,No,Seated,badge_consistency_seated_marathon_rare.png,Flame
ACH_241,Seated Century,Complete 100 consecutive days of Seated Exercise workouts,Consistency,Epic,350,100-day streak in Seated Exercise category,No,No,Seated,badge_consistency_seated_century_epic.png,Flame
ACH_242,Seated Year Champion,Complete 365 consecutive days of Seated Exercise workouts,Consistency,Epic,1000,365-day streak in Seated Exercise category,No,No,Seated,badge_consistency_seated_year_champion_epic.png,Flame
ACH_243,Standing Streak Starter,Complete 3 consecutive days of Standing Movement workouts,Consistency,Common,15,3-day streak in Standing Movement category,No,No,Standing,badge_consistency_standing_streak_starter_common.png,Flame
ACH_244,Standing Week Warrior,Complete 7 consecutive days of Standing Movement workouts,Consistency,Common,30,7-day streak in Standing Movement category,No,No,Standing,badge_consistency_standing_week_warrior_common.png,Flame
ACH_245,Standing Dedication,Complete 14 consecutive days of Standing Movement workouts,Consistency,Uncommon,60,14-day streak in Standing Movement category,No,No,Standing,badge_consistency_standing_dedication_uncommon.png,Flame
ACH_246,Standing Legend Streak,Complete 30 consecutive days of Standing Movement workouts,Consistency,Rare,120,30-day streak in Standing Movement category,No,No,Standing,badge_consistency_standing_legend_streak_rare.png,Flame
ACH_247,Standing Marathon,Complete 60 consecutive days of Standing Movement workouts,Consistency,Rare,200,60-day streak in Standing Movement category,No,No,Standing,badge_consistency_standing_marathon_rare.png,Flame
ACH_248,Standing Century,Complete 100 consecutive days of Standing Movement workouts,Consistency,Epic,350,100-day streak in Standing Movement category,No,No,Standing,badge_consistency_standing_century_epic.png,Flame
ACH_249,Standing Year Champion,Complete 365 consecutive days of Standing Movement workouts,Consistency,Epic,1000,365-day streak in Standing Movement category,No,No,Standing,badge_consistency_standing_year_champion_epic.png,Flame
ACH_250,Wall Sit Streak Starter,Complete 3 consecutive days of Wall Sits workouts,Consistency,Common,15,3-day streak in Wall Sits category,No,No,Wall Sits,badge_consistency_wall_sit_streak_starter_common.png,Flame
ACH_251,Wall Sit Week Warrior,Complete 7 consecutive days of Wall Sits workouts,Consistency,Common,30,7-day streak in Wall Sits category,No,No,Wall Sits,badge_consistency_wall_sit_week_warrior_common.png,Flame
ACH_252,Wall Sit Dedication,Complete 14 consecutive days of Wall Sits workouts,Consistency,Uncommon,60,14-day streak in Wall Sits category,No,No,Wall Sits,badge_consistency_wall_sit_dedication_uncommon.png,Flame
ACH_253,Wall Sit Legend Streak,Complete 30 consecutive days of Wall Sits workouts,Consistency,Rare,120,30-day streak in Wall Sits category,No,No,Wall Sits,badge_consistency_wall_sit_legend_streak_rare.png,Flame
ACH_254,Wall Sit Marathon,Complete 60 consecutive days of Wall Sits workouts,Consistency,Rare,200,60-day streak in Wall Sits category,No,No,Wall Sits,badge_consistency_wall_sit_marathon_rare.png,Flame
ACH_255,Wall Sit Century,Complete 100 consecutive days of Wall Sits workouts,Consistency,Epic,350,100-day streak in Wall Sits category,No,No,Wall Sits,badge_consistency_wall_sit_century_epic.png,Flame
ACH_256,Wall Sit Year Champion,Complete 365 consecutive days of Wall Sits workouts,Consistency,Epic,1000,365-day streak in Wall Sits category,No,No,Wall Sits,badge_consistency_wall_sit_year_champion_epic.png,Flame
ACH_257,Friend Finder,Connect with your first friend,Social,Common,10,Have 1 friend in the app,No,No,,badge_social_friend_finder_common.png,UserPlus
ACH_258,Growing Circle,Connect with 10 friends,Social,Common,30,Have 10 friends in the app,No,No,,badge_social_growing_circle_common.png,Users
ACH_259,Social Network,Connect with 25 friends,Social,Uncommon,60,Have 25 friends in the app,No,No,,badge_social_social_network_uncommon.png,Users
ACH_260,Community Leader,Connect with 50 friends,Social,Rare,120,Have 50 friends in the app,No,No,,badge_social_community_leader_rare.png,Users
ACH_261,Social Superstar,Connect with 100 friends,Social,Epic,250,Have 100 friends in the app,No,No,,badge_social_social_superstar_epic.png,Star
ACH_262,Daily Cheerleader,Send cheers 7 days in a row,Social,Uncommon,40,Send at least 1 cheer per day for 7 consecutive days,No,No,,badge_social_daily_cheerleader_uncommon.png,Heart
ACH_263,Cheer Champion,Send cheers 30 days in a row,Social,Rare,100,Send at least 1 cheer per day for 30 consecutive days,No,No,,badge_social_cheer_champion_rare.png,Heart
ACH_264,First Fan,Receive your first cheer,Social,Common,10,Receive 1 cheer,No,No,,badge_social_first_fan_common.png,Heart
ACH_265,Popular,Receive 25 cheers,Social,Uncommon,40,Receive 25 cheers (cumulative),No,No,,badge_social_popular_uncommon.png,Star
ACH_266,Crowd Favorite,Receive 100 cheers,Social,Rare,80,Receive 100 cheers (cumulative),No,No,,badge_social_crowd_favorite_rare.png,Award
ACH_267,Legend Status,Receive 500 cheers,Social,Epic,200,Receive 500 cheers (cumulative),No,No,Leg Strength,badge_social_legend_status_epic.png,Crown
ACH_268,Cheer Diversity,Send cheers to 25 different friends,Social,Uncommon,50,Send cheers to 25 unique users,No,No,,badge_social_cheer_diversity_uncommon.png,Users
ACH_269,Support Network,Send cheers to 50 different friends,Social,Rare,100,Send cheers to 50 unique users,No,No,,badge_social_support_network_rare.png,Users
ACH_270,Mutual Motivation,Exchange cheers with 5 friends,Social,Uncommon,40,Send and receive cheers from same 5 users,No,No,,badge_social_mutual_motivation_uncommon.png,Heart
ACH_271,Support Squad,Exchange cheers with 15 friends,Social,Rare,80,Send and receive cheers from same 15 users,No,No,,badge_social_support_squad_rare.png,Users
ACH_272,Social Spark,Send 10 cheers in one day,Social,Common,20,Send 10 cheers in a single day,No,No,,badge_social_social_spark_common.png,Zap
ACH_273,Cheer Explosion,Send 25 cheers in one day,Social,Uncommon,40,Send 25 cheers in a single day,No,No,,badge_social_cheer_explosion_uncommon.png,Zap
ACH_274,Share the Fire,Complete a workout on the same day as 5 friends,Social,Uncommon,40,Complete workout on same calendar day as 5 friends,No,No,,badge_social_share_the_fire_uncommon.png,Flame
ACH_275,Squad Sync,Complete a workout on the same day as 10 friends,Social,Rare,80,Complete workout on same calendar day as 10 friends,No,No,,badge_social_squad_sync_rare.png,Users
ACH_276,Wide Support,Receive cheers from 25 different friends,Social,Uncommon,50,Receive cheers from 25 unique users,No,No,,badge_social_wide_support_uncommon.png,Users
ACH_277,Universal Love,Receive cheers from 50 different friends,Social,Rare,100,Receive cheers from 50 unique users,No,No,,badge_social_universal_love_rare.png,Heart
ACH_278,Top 50,Reach top 50 on the leaderboard,Social,Uncommon,50,Rank in top 50 on global leaderboard,No,No,,badge_social_top_50_uncommon.png,TrendingUp
ACH_279,Top 25,Reach top 25 on the leaderboard,Social,Rare,100,Rank in top 25 on global leaderboard,No,No,,badge_social_top_25_rare.png,Award
ACH_280,Top 10,Reach top 10 on the leaderboard,Social,Epic,200,Rank in top 10 on global leaderboard,No,No,,badge_social_top_10_epic.png,Trophy
ACH_281,Number One,Reach #1 on the leaderboard,Social,Epic,500,Rank #1 on global leaderboard,No,No,,badge_social_number_one_epic.png,Crown
ACH_282,Daily Fire,Hit your daily momentum goal,Momentum,Common,10,Daily Momentum Score >= Daily Goal (first time),No,No,,badge_momentum_daily_fire_common.png,Flame
ACH_283,Daily Streak Starter,Hit your daily goal 3 days in a row,Momentum,Common,20,Daily Momentum Score >= Daily Goal for 3 consecutive days,No,No,,badge_momentum_daily_streak_starter_common.png,Flame
ACH_284,Daily Dedication,Hit your daily goal 7 days in a row,Momentum,Uncommon,40,Daily Momentum Score >= Daily Goal for 7 consecutive days,No,No,,badge_momentum_daily_dedication_uncommon.png,Flame
ACH_285,Daily Domination,Hit your daily goal 30 days in a row,Momentum,Rare,100,Daily Momentum Score >= Daily Goal for 30 consecutive days,No,No,,badge_momentum_daily_domination_rare.png,Flame
ACH_286,Early Riser,Complete 10 workouts before 8 AM,Momentum,Common,30,Complete 10 workouts with start time < 8:00 AM,No,No,,badge_momentum_early_riser_common.png,Sunrise
ACH_287,Morning Warrior,Complete 50 workouts before 8 AM,Momentum,Uncommon,60,Complete 50 workouts with start time < 8:00 AM,No,No,,badge_momentum_morning_warrior_uncommon.png,Sunrise
ACH_288,Midday Motivator,Complete 25 workouts between 11 AM - 2 PM,Momentum,Uncommon,50,Complete 25 workouts with start time between 11:00 AM - 2:00 PM,No,No,,badge_momentum_midday_motivator_uncommon.png,Sun
ACH_289,Afternoon Achiever,Complete 25 workouts between 2 PM - 6 PM,Momentum,Uncommon,50,Complete 25 workouts with start time between 2:00 PM - 6:00 PM,No,No,,badge_momentum_afternoon_achiever_uncommon.png,Sun
ACH_290,Evening Enthusiast,Complete 25 workouts between 6 PM - 10 PM,Momentum,Uncommon,50,Complete 25 workouts with start time between 6:00 PM - 10:00 PM,No,No,,badge_momentum_evening_enthusiast_uncommon.png,Moon
ACH_291,Night Warrior,Complete 25 workouts after 10 PM,Momentum,Uncommon,50,Complete 25 workouts with start time >= 10:00 PM,No,No,,badge_momentum_night_warrior_uncommon.png,Moon
ACH_292,Double Down,Complete 2 workouts in one day,Momentum,Common,20,Complete 2 workouts in a single calendar day,No,No,,badge_momentum_double_down_common.png,Zap
ACH_293,Triple Threat,Complete 3 workouts in one day,Momentum,Uncommon,40,Complete 3 workouts in a single calendar day,No,No,,badge_momentum_triple_threat_uncommon.png,Zap
ACH_294,Workout Warrior,Complete 5 workouts in one day,Momentum,Rare,80,Complete 5 workouts in a single calendar day,No,No,,badge_momentum_workout_warrior_rare.png,Flame
ACH_295,Weekly Warrior,Complete at least 1 workout every day for a week,Momentum,Uncommon,40,Complete at least 1 workout on each of 7 consecutive days,No,No,,badge_momentum_weekly_warrior_uncommon.png,Calendar
ACH_296,Perfect Week,Complete at least 2 workouts every day for a week,Momentum,Rare,100,Complete at least 2 workouts on each of 7 consecutive days,No,No,,badge_momentum_perfect_week_rare.png,Calendar
ACH_297,Lightning Fast,Complete 10 workouts under 5 minutes,Momentum,Common,30,Complete 10 workouts with duration < 5 minutes,No,No,,badge_momentum_lightning_fast_common.png,Zap
ACH_298,Speed Master,Complete 50 workouts under 5 minutes,Momentum,Uncommon,60,Complete 50 workouts with duration < 5 minutes,No,No,,badge_momentum_speed_master_uncommon.png,Zap
ACH_299,Momentum Milestone,Earn 1000 total Momentum Points,Momentum,Uncommon,50,Lifetime Momentum Points >= 1000,No,No,,badge_momentum_momentum_milestone_uncommon.png,TrendingUp
ACH_300,Momentum Master,Earn 5000 total Momentum Points,Momentum,Rare,100,Lifetime Momentum Points >= 5000,No,No,,badge_momentum_momentum_master_rare.png,TrendingUp
ACH_301,Momentum Legend,Earn 10000 total Momentum Points,Momentum,Epic,200,Lifetime Momentum Points >= 10000,No,No,Leg Strength,badge_momentum_momentum_legend_epic.png,Crown
ACH_302,Level 2 Regular,Complete 10 Level 2 workouts,Performance,Common,30,Complete 10 workouts with Difficulty Level = 2,No,No,,badge_performance_level_2_regular_common.png,TrendingUp
ACH_303,Level 2 Master,Complete 50 Level 2 workouts,Performance,Uncommon,60,Complete 50 workouts with Difficulty Level = 2,No,No,,badge_performance_level_2_master_uncommon.png,Award
ACH_304,Level 3 Regular,Complete 10 Level 3 workouts,Performance,Uncommon,50,Complete 10 workouts with Difficulty Level = 3,No,No,,badge_performance_level_3_regular_uncommon.png,TrendingUp
ACH_305,Level 3 Master,Complete 50 Level 3 workouts,Performance,Rare,100,Complete 50 workouts with Difficulty Level = 3,No,No,,badge_performance_level_3_master_rare.png,Award
ACH_306,Level 4 Regular,Complete 10 Level 4 workouts,Performance,Rare,80,Complete 10 workouts with Difficulty Level = 4,Yes,No,,badge_performance_level_4_regular_rare.png,TrendingUp
ACH_307,Level 4 Elite,Complete 50 Level 4 workouts,Performance,Epic,200,Complete 50 workouts with Difficulty Level = 4,Yes,No,,badge_performance_level_4_elite_epic.png,Trophy
ACH_308,Level 5 Regular,Complete 10 Level 5 workouts,Performance,Epic,150,Complete 10 workouts with Difficulty Level = 5,Yes,No,,badge_performance_level_5_regular_epic.png,Crown
ACH_309,Level 5 Legend,Complete 50 Level 5 workouts,Performance,Epic,500,Complete 50 workouts with Difficulty Level = 5,Yes,No,Leg Strength,badge_performance_level_5_legend_epic.png,Crown
ACH_310,Two-Category Pro,Complete 25 workouts each in 2 different categories,Performance,Uncommon,50,Complete 25 workouts in 2 different categories,No,No,,badge_performance_twocategory_pro_uncommon.png,Grid
ACH_311,Three-Category Expert,Complete 25 workouts each in 3 different categories,Performance,Uncommon,60,Complete 25 workouts in 3 different categories,No,No,,badge_performance_threecategory_expert_uncommon.png,Grid
ACH_312,Four-Category Master,Complete 25 workouts each in 4 different categories,Performance,Rare,80,Complete 25 workouts in 4 different categories,Yes,No,,badge_performance_fourcategory_master_rare.png,Grid
ACH_313,Five-Category Champion,Complete 25 workouts each in 5 different categories,Performance,Rare,100,Complete 25 workouts in 5 different categories,No,No,,badge_performance_fivecategory_champion_rare.png,Grid
ACH_314,All-Category Legend,Complete 50 workouts in every category,Performance,Epic,300,Complete 50 workouts in each of the 6 categories,No,No,Leg Strength,badge_performance_allcategory_legend_epic.png,Crown
ACH_315,Endurance Builder,Complete a 20-minute Level 3+ workout,Performance,Uncommon,50,Complete 1 workout with duration >= 20 minutes and Level >= 3,No,No,,badge_performance_endurance_builder_uncommon.png,Clock
ACH_316,Endurance Master,Complete a 30-minute Level 3+ workout,Performance,Rare,100,Complete 1 workout with duration >= 30 minutes and Level >= 3,No,No,,badge_performance_endurance_master_rare.png,Clock
ACH_317,Endurance Legend,Complete a 45-minute Level 4+ workout,Performance,Epic,200,Complete 1 workout with duration >= 45 minutes and Level >= 4,Yes,No,Leg Strength,badge_performance_endurance_legend_epic.png,Clock
ACH_318,Intensity Seeker,Complete 25 Level 3+ workouts,Performance,Uncommon,60,Complete 25 workouts with Level >= 3,No,No,,badge_performance_intensity_seeker_uncommon.png,Zap
ACH_319,Intensity Champion,Complete 100 Level 3+ workouts,Performance,Rare,120,Complete 100 workouts with Level >= 3,No,No,,badge_performance_intensity_champion_rare.png,Zap
ACH_320,Elite Performer,Complete 50 Level 4+ workouts,Performance,Epic,250,Complete 50 workouts with Level >= 4,Yes,No,,badge_performance_elite_performer_epic.png,Trophy
ACH_321,Balanced Athlete,Complete 10 workouts at each difficulty level (1-5),Performance,Rare,150,"Complete 10 workouts at Level 1, 2, 3, 4, and 5",No,No,,badge_performance_balanced_athlete_rare.png,Scale
ACH_322,Versatile Performer,Complete Level 3+ workouts in all 6 categories,Performance,Rare,120,Complete at least 1 Level 3+ workout in each category,No,No,,badge_performance_versatile_performer_rare.png,Grid
ACH_323,Level Up,Increase difficulty level 5 times,Performance,Common,30,Increase workout difficulty level 5 times (cumulative),Yes,No,,badge_performance_level_up_common.png,TrendingUp
ACH_324,Constant Improvement,Increase difficulty level 25 times,Performance,Uncommon,60,Increase workout difficulty level 25 times (cumulative),No,No,,badge_performance_constant_improvement_uncommon.png,TrendingUp
ACH_325,Always Advancing,Increase difficulty level 100 times,Performance,Rare,120,Increase workout difficulty level 100 times (cumulative),No,No,,badge_performance_always_advancing_rare.png,TrendingUp
ACH_326,Core Elite,Complete a Level 4+ Core & Balance workout,Performance,Rare,80,Complete 1 Level 4+ workout in Core & Balance,Yes,No,Core & Balance,badge_performance_core_elite_rare.png,Shield
ACH_327,Leg Elite,Complete a Level 4+ Leg Strength workout,Performance,Rare,80,Complete 1 Level 4+ workout in Leg Strength,Yes,No,Leg Strength,badge_performance_leg_elite_rare.png,Dumbbell
ACH_328,Cardio Elite,Complete a Level 4+ Cardio & Walking workout,Performance,Rare,80,Complete 1 Level 4+ workout in Cardio & Walking,Yes,No,Cardio & Walking,badge_performance_cardio_elite_rare.png,Heart
ACH_329,Standing Elite,Complete a Level 4+ Standing workout,Performance,Rare,80,Complete 1 Level 4+ workout in Standing,Yes,No,Standing,badge_performance_standing_elite_rare.png,User
ACH_330,Seated Elite,Complete a Level 4+ Seated workout,Performance,Rare,80,Complete 1 Level 4+ workout in Seated,Yes,No,Seated,badge_performance_seated_elite_rare.png,ArmChair
ACH_331,Wall Sit Elite,Complete a Level 4+ Wall Sits workout,Performance,Rare,80,Complete 1 Level 4+ workout in Wall Sits,Yes,No,Wall Sits,badge_performance_wall_sit_elite_rare.png,Square
ACH_332,Century Celebration,Complete your 100th workout,Special,Rare,100,Complete exactly 100 total workouts,No,No,,badge_special_century_celebration_rare.png,Trophy
ACH_333,Half Millennium,Complete your 500th workout,Special,Epic,500,Complete exactly 500 total workouts,No,No,,badge_special_half_millennium_epic.png,Crown
ACH_334,Millennium Master,Complete your 1000th workout,Special,Epic,1000,Complete exactly 1000 total workouts,No,No,,badge_special_millennium_master_epic.png,Crown
ACH_335,One Month Strong,Complete a workout 30 days after your first,Special,Common,30,Complete workout on day 30+ after account creation,No,No,,badge_special_one_month_strong_common.png,Calendar
ACH_336,Three Month Warrior,Complete a workout 90 days after your first,Special,Uncommon,60,Complete workout on day 90+ after account creation,No,No,,badge_special_three_month_warrior_uncommon.png,Calendar
ACH_337,Six Month Champion,Complete a workout 180 days after your first,Special,Uncommon,100,Complete workout on day 180+ after account creation,No,No,,badge_special_six_month_champion_uncommon.png,Calendar
ACH_338,One Year Legend,Complete a workout 365 days after your first,Special,Rare,200,Complete workout on day 365+ after account creation,No,No,Leg Strength,badge_special_one_year_legend_rare.png,Award
ACH_339,New Year New You,Complete a workout on January 1st,Special,Common,20,Complete workout on January 1,No,No,,badge_special_new_year_new_you_common.png,Sparkles
ACH_340,Fresh Start,Complete a workout on the first day of any month,Special,Common,15,Complete workout on day 1 of any month,No,No,,badge_special_fresh_start_common.png,Calendar
ACH_341,Weekend Warrior,Complete 25 workouts on weekends,Special,Uncommon,50,Complete 25 workouts on Saturday or Sunday,No,No,,badge_special_weekend_warrior_uncommon.png,Calendar
ACH_342,Weekday Champion,Complete 50 workouts on weekdays,Special,Uncommon,50,Complete 50 workouts Monday-Friday,No,No,,badge_special_weekday_champion_uncommon.png,Calendar
ACH_343,Hidden Gem,Unlock your first secret achievement,Special,Uncommon,30,Unlock 1 secret achievement,No,Yes,,badge_special_hidden_gem_uncommon.png,Eye
ACH_344,Secret Collector,Unlock 5 secret achievements,Special,Rare,100,Unlock 5 secret achievements,No,Yes,,badge_special_secret_collector_rare.png,Eye
ACH_345,Perfect Timing,Complete a workout at exactly 12:00 PM,Special,Uncommon,30,Complete workout with start time = 12:00:00 PM,No,Yes,,badge_special_perfect_timing_uncommon.png,Clock
ACH_346,Midnight Warrior,Complete a workout at exactly 12:00 AM,Special,Rare,50,Complete workout with start time = 12:00:00 AM,No,Yes,,badge_special_midnight_warrior_rare.png,Moon
